{
    "TRA": 54,
    "CP": 19,
    "ACC": 35.18518518518518,
    "TRR": 15,
    "TRRC": 13,
    "TRRW": 2,
    "ACCRR": 86.66666666666667,
    "MISSREGS": [],
    "MISSCATS": [
        "0x4002001c",
        "0x40020030",
        "0x40020044",
        "0x40020058",
        "0x40020084",
        "0x40020088",
        "0x4002008c"
    ],
    "MISCAT_READ": [
        [
            "Base address",
            "Reg address",
            "Reg name",
            "Reg cat",
            "Model Cat",
            "Read",
            "Write",
            "Correct cat",
            "Comments GT"
        ],
        [
            "0x40000000",
            "0x4000000c",
            "14.4.4TIM1 and TIM8 DMA/interrupt enable register (TIMx_DIER)   ",
            "CR",
            "DR",
            1,
            1,
            "NO",
            ""
        ],
        [
            "0x40004400",
            "0x40004404",
            "Data register (USART_DR)  ",
            "DR",
            "SR",
            1,
            0,
            "NO",
            ""
        ]
    ],
    "NUMPER": 11,
    "NUMSRSITES": 5,
    "SRSITES": [
        "0x8001912",
        "0x800196e",
        "0x80014bc",
        "0x8001950",
        "0x8001938"
    ],
    "INTERRUPTS": [
        32,
        33,
        56,
        39,
        44,
        22,
        23,
        24,
        25,
        26,
        54
    ],
    "NUMINTERRUPTS": 11
}