{
    "TRA": 29,
    "CP": 16,
    "ACC": 55.172413793103445,
    "TRR": 22,
    "TRRC": 15,
    "TRRW": 7,
    "ACCRR": 68.18181818181817,
    "MISSREGS": [],
    "MISSCATS": [
        "0x40020044",
        "0x40020048",
        "0x4002004c",
        "0x40020050",
        "0x40020058",
        "0x4002005c",
        "0x40020060",
        "0x40020064"
    ],
    "MISCAT_READ": [
        [
            "Base address",
            "Reg address",
            "Reg name",
            "Reg cat",
            "Model Cat",
            "Read",
            "Write",
            "Correct cat",
            "Comments GT"
        ],
        [
            "0x40010400",
            "0x40010414",
            "Pending register (EXTI_PR)   ",
            "SR",
            "CR",
            1,
            1,
            "NO",
            ""
        ],
        [
            "0x40010800",
            "0x4001080c",
            "Port output data register (GPIOx_ODR) (x=A..G)  ",
            "DR",
            "CR",
            1,
            1,
            "NO",
            ""
        ],
        [
            "0x40010c00",
            "0x40010c0c",
            "Port output data register (GPIOx_ODR) (x=A..G)  ",
            "DR",
            "CR",
            1,
            1,
            "NO",
            ""
        ],
        [
            "0x40020000",
            "0x40020044",
            "",
            "",
            "CR",
            1,
            1,
            "NO",
            ""
        ],
        [
            "0x40020000",
            "0x40020048",
            "",
            "",
            "CR",
            1,
            1,
            "NO",
            ""
        ],
        [
            "0x40020000",
            "0x40020058",
            "",
            "",
            "CR",
            1,
            1,
            "NO",
            ""
        ],
        [
            "0x40020000",
            "0x4002005c",
            "",
            "",
            "CR",
            1,
            1,
            "NO",
            ""
        ]
    ],
    "NUMPER": 9,
    "NUMSRSITES": 5,
    "SRSITES": [
        "0x8000630",
        "0x8000612",
        "0x8000728",
        "0x8000704",
        "0x80005f8"
    ],
    "INTERRUPTS": [
        56,
        31,
        30,
        15
    ],
    "NUMINTERRUPTS": 4
}