{
    "TRA": 33,
    "CP": 20,
    "ACC": 60.60606060606061,
    "TRR": 26,
    "TRRC": 19,
    "TRRW": 7,
    "ACCRR": 73.07692307692307,
    "MISSREGS": [],
    "MISSCATS": [
        "0x40020030",
        "0x40020034",
        "0x40020038",
        "0x4002003c",
        "0x40020044",
        "0x40020048",
        "0x4002004c",
        "0x40020050"
    ],
    "MISCAT_READ": [
        [
            "Base address",
            "Reg address",
            "Reg name",
            "Reg cat",
            "Model Cat",
            "Read",
            "Write",
            "Correct cat",
            "Comments GT"
        ],
        [
            "0x40010400",
            "0x40010414",
            "Pending register (EXTI_PR)   ",
            "SR",
            "CR",
            1,
            1,
            "NO",
            ""
        ],
        [
            "0x40010800",
            "0x4001080c",
            "Port output data register (GPIOx_ODR) (x=A..G)  ",
            "DR",
            "CR",
            1,
            1,
            "NO",
            ""
        ],
        [
            "0x40010c00",
            "0x40010c0c",
            "Port output data register (GPIOx_ODR) (x=A..G)  ",
            "DR",
            "CR",
            1,
            1,
            "NO",
            ""
        ],
        [
            "0x40020000",
            "0x40020030",
            "",
            "",
            "CR",
            1,
            1,
            "NO",
            ""
        ],
        [
            "0x40020000",
            "0x40020034",
            "",
            "",
            "CR",
            1,
            1,
            "NO",
            ""
        ],
        [
            "0x40020000",
            "0x40020044",
            "",
            "",
            "CR",
            1,
            1,
            "NO",
            ""
        ],
        [
            "0x40020000",
            "0x40020048",
            "",
            "",
            "CR",
            1,
            1,
            "NO",
            ""
        ]
    ],
    "NUMPER": 10,
    "NUMSRSITES": 5,
    "SRSITES": [
        "0x80006e2",
        "0x8000800",
        "0x80007dc",
        "0x8000700",
        "0x80006c8"
    ],
    "INTERRUPTS": [
        56,
        29,
        30,
        15
    ],
    "NUMINTERRUPTS": 4
}