{
    "TRA": 88,
    "CP": 7,
    "ACC": 7.954545454545454,
    "TRR": 13,
    "TRRC": 6,
    "TRRW": 7,
    "ACCRR": 46.15384615384615,
    "MISSREGS": [
        "0x40020418",
        "0x40020800",
        "0x40020804",
        "0x40020808",
        "0x4002080c",
        "0x40020814",
        "0x40020820",
        "0x40020824",
        "0x40020c00",
        "0x40020c04",
        "0x40020c08",
        "0x40020c0c",
        "0x40020c14",
        "0x40020c20",
        "0x40020c24",
        "0x40021400",
        "0x40021404",
        "0x40021408",
        "0x4002140c",
        "0x40021414",
        "0x40021420",
        "0x40021424",
        "0x40023800",
        "0x40023804",
        "0x40023808",
        "0x40023810",
        "0x40023814",
        "0x40023818",
        "0x4002381c",
        "0x40023820",
        "0x40023824",
        "0x40023828",
        "0x4002382c",
        "0x40023830",
        "0x40023834",
        "0x40023c00",
        "0x40026000",
        "0x40026004",
        "0x40026008",
        "0x4002601c",
        "0x40026030",
        "0x40026044",
        "0x40026048",
        "0x4002604c",
        "0x40026050",
        "0x40026058",
        "0x4002605c",
        "0x40026060",
        "0x40026064",
        "0x4002606c",
        "0x40026080"
    ],
    "MISSCATS": [
        "0x40020020",
        "0x40020024",
        "0x40020408",
        "0x4002040c",
        "0x40020414",
        "0x40020420",
        "0x40020424"
    ],
    "MISCAT_READ": [
        [
            "Base address",
            "Reg address",
            "Reg name",
            "Reg cat",
            "Model Cat",
            "Read",
            "Write",
            "Correct cat",
            "Comments GT"
        ],
        [
            "0x40000000",
            "0x4000000c",
            "14.4.4TIM1 and TIM8 DMA/interrupt enable register (TIMx_DIER)   ",
            "CR",
            "DR",
            1,
            1,
            "NO",
            ""
        ],
        [
            "0x40000000",
            "0x40000010",
            "TIM1 and TIM8 status register (TIMx_SR)   ",
            "SR",
            "DR",
            1,
            1,
            "NO",
            ""
        ],
        [
            "0x40010400",
            "0x40010414",
            "Pending register (EXTI_PR)   ",
            "SR",
            "DR",
            1,
            1,
            "NO",
            ""
        ],
        [
            "0x40020400",
            "0x40020400",
            "DMA interrupt status register (DMA_ISR)  ",
            "SR",
            "CR",
            1,
            1,
            "NO",
            ""
        ],
        [
            "0x40020400",
            "0x40020408",
            "",
            "",
            "CR",
            1,
            1,
            "NO",
            ""
        ],
        [
            "0x40020400",
            "0x4002040c",
            "",
            "",
            "CR",
            1,
            1,
            "NO",
            ""
        ],
        [
            "0x40020400",
            "0x40020424",
            "",
            "",
            "CR",
            1,
            1,
            "NO",
            ""
        ]
    ],
    "NUMPER": 13,
    "NUMSRSITES": 13,
    "SRSITES": [
        "0x8001bca",
        "0x80014a2",
        "0x8001c48",
        "0x8001b8c",
        "0x8001be0",
        "0x80008e6",
        "0x8001b9c",
        "0x8001480",
        "0x8001c1a",
        "0x8001bda",
        "0x8001bba",
        "0x800147a",
        "0x8001c00"
    ],
    "INTERRUPTS": [
        56,
        39,
        44,
        22,
        23,
        24,
        25,
        26,
        30,
        31
    ],
    "NUMINTERRUPTS": 10
}