{
    "TRA": 61,
    "CP": 10,
    "ACC": 16.39344262295082,
    "TRR": 9,
    "TRRC": 7,
    "TRRW": 2,
    "ACCRR": 77.77777777777779,
    "MISSREGS": [
        "0x400c4000",
        "0x400c4004",
        "0x400c4018",
        "0x400c4024",
        "0x400c4028",
        "0x400c402c",
        "0x400c403c",
        "0x400c4040",
        "0x400c4044",
        "0x400c4048",
        "0x400c404c",
        "0x400c4050",
        "0x400c4064",
        "0x400c4068",
        "0x400c406c",
        "0x400c4070",
        "0x400c4074",
        "0x400c4078",
        "0x400e070c",
        "0x400e1020",
        "0x400e1030",
        "0x400e1084",
        "0x400e1600",
        "0x400e1614",
        "0x400e1620",
        "0x400e1644",
        "0x400e1664",
        "0x400e1684"
    ],
    "MISSCATS": [],
    "MISCAT_READ": [
        [
            "Base address",
            "Reg address",
            "Reg name",
            "Reg cat",
            "Model Cat",
            "Read",
            "Write",
            "Correct cat",
            "Comments GT"
        ],
        [
            "0x400e0400",
            "0x400e0628",
            "PMC Clock Generator PLLA Register",
            "CR",
            "DR",
            1,
            1,
            "NO",
            ""
        ],
        [
            "0x400e0800",
            "0x400e0818",
            "UART Receiver Holding Register",
            "DR",
            "SR",
            1,
            0,
            "NO",
            ""
        ]
    ],
    "NUMPER": 8,
    "NUMSRSITES": 8,
    "SRSITES": [
        "0x806a2",
        "0x80606",
        "0x80624",
        "0x80d7c",
        "0x806c2",
        "0x80d6a",
        "0x805f8",
        "0x8067c"
    ],
    "INTERRUPTS": [
        55
    ],
    "NUMINTERRUPTS": 1
}