{
    "TRA": 41,
    "CP": 26,
    "ACC": 63.41463414634146,
    "TRR": 33,
    "TRRC": 24,
    "TRRW": 9,
    "ACCRR": 72.72727272727273,
    "MISSREGS": [],
    "MISSCATS": [
        "0x40020044",
        "0x40020048",
        "0x4002004c",
        "0x40020050",
        "0x40020058",
        "0x4002005c",
        "0x40020060",
        "0x40020064"
    ],
    "MISCAT_READ": [
        [
            "Base address",
            "Reg address",
            "Reg name",
            "Reg cat",
            "Model Cat",
            "Read",
            "Write",
            "Correct cat",
            "Comments GT"
        ],
        [
            "0x40005400",
            "0x40005418",
            "26.6.6I2C Status register 2 (I2C_SR2)   ",
            "SR",
            "DR",
            1,
            0,
            "NO",
            ""
        ],
        [
            "0x40005800",
            "0x40005814",
            "26.6.5I2C Status register 1 (I2C_SR1)   ",
            "SR",
            "DR",
            1,
            0,
            "NO",
            ""
        ],
        [
            "0x40005800",
            "0x40005818",
            "26.6.6I2C Status register 2 (I2C_SR2)   ",
            "SR",
            "DR",
            1,
            0,
            "NO",
            ""
        ],
        [
            "0x40010800",
            "0x4001080c",
            "Port output data register (GPIOx_ODR) (x=A..G)  ",
            "DR",
            "CR",
            1,
            1,
            "NO",
            ""
        ],
        [
            "0x40010c00",
            "0x40010c0c",
            "Port output data register (GPIOx_ODR) (x=A..G)  ",
            "DR",
            "CR",
            1,
            1,
            "NO",
            ""
        ],
        [
            "0x40020000",
            "0x40020044",
            "",
            "",
            "CR",
            1,
            1,
            "NO",
            ""
        ],
        [
            "0x40020000",
            "0x40020048",
            "",
            "",
            "CR",
            1,
            1,
            "NO",
            ""
        ],
        [
            "0x40020000",
            "0x40020058",
            "",
            "",
            "CR",
            1,
            1,
            "NO",
            ""
        ],
        [
            "0x40020000",
            "0x4002005c",
            "",
            "",
            "CR",
            1,
            1,
            "NO",
            ""
        ]
    ],
    "NUMPER": 10,
    "NUMSRSITES": 11,
    "SRSITES": [
        "0x8000f6c",
        "0x800120a",
        "0x800113c",
        "0x80011e2",
        "0x80012c4",
        "0x80012a0",
        "0x8000f34",
        "0x8001174",
        "0x8001156",
        "0x8001226",
        "0x8000f4e"
    ],
    "INTERRUPTS": [
        47,
        15,
        48,
        49,
        50,
        56,
        30,
        31
    ],
    "NUMINTERRUPTS": 8
}