{
    "TRA": 34,
    "CP": 25,
    "ACC": 73.52941176470588,
    "TRR": 28,
    "TRRC": 23,
    "TRRW": 5,
    "ACCRR": 82.14285714285714,
    "MISSREGS": [],
    "MISSCATS": [
        "0x40020044",
        "0x40020048",
        "0x4002004c",
        "0x40020050"
    ],
    "MISCAT_READ": [
        [
            "Base address",
            "Reg address",
            "Reg name",
            "Reg cat",
            "Model Cat",
            "Read",
            "Write",
            "Correct cat",
            "Comments GT"
        ],
        [
            "0x40005400",
            "0x40005418",
            "26.6.6I2C Status register 2 (I2C_SR2)   ",
            "SR",
            "DR",
            1,
            0,
            "NO",
            ""
        ],
        [
            "0x40010800",
            "0x4001080c",
            "Port output data register (GPIOx_ODR) (x=A..G)  ",
            "DR",
            "CR",
            1,
            1,
            "NO",
            ""
        ],
        [
            "0x40010c00",
            "0x40010c0c",
            "Port output data register (GPIOx_ODR) (x=A..G)  ",
            "DR",
            "CR",
            1,
            1,
            "NO",
            ""
        ],
        [
            "0x40020000",
            "0x40020044",
            "",
            "",
            "CR",
            1,
            1,
            "NO",
            ""
        ],
        [
            "0x40020000",
            "0x40020048",
            "",
            "",
            "CR",
            1,
            1,
            "NO",
            ""
        ]
    ],
    "NUMPER": 10,
    "NUMSRSITES": 7,
    "SRSITES": [
        "0x8000950",
        "0x80007c6",
        "0x80009e0",
        "0x8000932",
        "0x80007e4",
        "0x80007ac",
        "0x8000918"
    ],
    "INTERRUPTS": [
        47,
        48,
        15,
        49,
        50,
        56,
        30
    ],
    "NUMINTERRUPTS": 7
}