{
    "TRA": 67,
    "CP": 8,
    "ACC": 11.940298507462686,
    "TRR": 6,
    "TRRC": 5,
    "TRRW": 1,
    "ACCRR": 83.33333333333334,
    "MISSREGS": [
        "0x40098000",
        "0x40098004",
        "0x40098020",
        "0x40098024",
        "0x40098028",
        "0x400980e4",
        "0x400c4000",
        "0x400c4004",
        "0x400c4018",
        "0x400c4024",
        "0x400c4028",
        "0x400c402c",
        "0x400c403c",
        "0x400c4040",
        "0x400c4044",
        "0x400c4048",
        "0x400c404c",
        "0x400c4050",
        "0x400c4064",
        "0x400c4068",
        "0x400c406c",
        "0x400c4070",
        "0x400c4074",
        "0x400c4078",
        "0x400e070c",
        "0x400e1020",
        "0x400e1030",
        "0x400e1084",
        "0x400e1600",
        "0x400e1610",
        "0x400e1614",
        "0x400e1620",
        "0x400e1634",
        "0x400e1644",
        "0x400e1654",
        "0x400e1660",
        "0x400e1664",
        "0x400e1684"
    ],
    "MISSCATS": [],
    "MISCAT_READ": [
        [
            "Base address",
            "Reg address",
            "Reg name",
            "Reg cat",
            "Model Cat",
            "Read",
            "Write",
            "Correct cat",
            "Comments GT"
        ],
        [
            "0x400e0400",
            "0x400e0628",
            "PMC Clock Generator PLLA Register",
            "CR",
            "DR",
            1,
            1,
            "NO",
            ""
        ]
    ],
    "NUMPER": 8,
    "NUMSRSITES": 7,
    "SRSITES": [
        "0x806d6",
        "0x8061a",
        "0x806b6",
        "0x80638",
        "0x8060c",
        "0x80690",
        "0x80742"
    ],
    "INTERRUPTS": [
        55
    ],
    "NUMINTERRUPTS": 1
}