{
    "TRA": 42,
    "CP": 20,
    "ACC": 47.61904761904761,
    "TRR": 30,
    "TRRC": 19,
    "TRRW": 11,
    "ACCRR": 63.33333333333333,
    "MISSREGS": [],
    "MISSCATS": [
        "0x4002001c",
        "0x40020020",
        "0x40020024",
        "0x40020028",
        "0x40020030",
        "0x40020034",
        "0x40020038",
        "0x4002003c",
        "0x40020044",
        "0x40020048",
        "0x4002004c",
        "0x40020050",
        "0x40020058",
        "0x4002005c",
        "0x40020060",
        "0x40020064"
    ],
    "MISCAT_READ": [
        [
            "Base address",
            "Reg address",
            "Reg name",
            "Reg cat",
            "Model Cat",
            "Read",
            "Write",
            "Correct cat",
            "Comments GT"
        ],
        [
            "0x40010400",
            "0x40010414",
            "Pending register (EXTI_PR)   ",
            "SR",
            "CR",
            1,
            1,
            "NO",
            ""
        ],
        [
            "0x40010800",
            "0x4001080c",
            "Port output data register (GPIOx_ODR) (x=A..G)  ",
            "DR",
            "CR",
            1,
            1,
            "NO",
            ""
        ],
        [
            "0x40010c00",
            "0x40010c0c",
            "Port output data register (GPIOx_ODR) (x=A..G)  ",
            "DR",
            "CR",
            1,
            1,
            "NO",
            ""
        ],
        [
            "0x40020000",
            "0x4002001c",
            "",
            "",
            "CR",
            1,
            1,
            "NO",
            ""
        ],
        [
            "0x40020000",
            "0x40020020",
            "",
            "",
            "CR",
            1,
            1,
            "NO",
            ""
        ],
        [
            "0x40020000",
            "0x40020030",
            "",
            "",
            "CR",
            1,
            1,
            "NO",
            ""
        ],
        [
            "0x40020000",
            "0x40020034",
            "",
            "",
            "CR",
            1,
            1,
            "NO",
            ""
        ],
        [
            "0x40020000",
            "0x40020044",
            "",
            "",
            "CR",
            1,
            1,
            "NO",
            ""
        ],
        [
            "0x40020000",
            "0x40020048",
            "",
            "",
            "CR",
            1,
            1,
            "NO",
            ""
        ],
        [
            "0x40020000",
            "0x40020058",
            "",
            "",
            "CR",
            1,
            1,
            "NO",
            ""
        ],
        [
            "0x40020000",
            "0x4002005c",
            "",
            "",
            "CR",
            1,
            1,
            "NO",
            ""
        ]
    ],
    "NUMPER": 10,
    "NUMSRSITES": 7,
    "SRSITES": [
        "0x8000914",
        "0x8000a3c",
        "0x8000a60",
        "0x8000a18",
        "0x8000a84",
        "0x80008f6",
        "0x80008dc"
    ],
    "INTERRUPTS": [
        15,
        56,
        28,
        29,
        30,
        31
    ],
    "NUMINTERRUPTS": 6
}